Country,Flow,Unit,Product,2014,2015,2016,2017,2018,2019,2020,2021,2022,2023,2024
World,Exports,Millions of USD,0--All Merchandise,"$1,621,874 ","$1,503,328 ","$1,451,460 ","$1,547,195 ","$1,665,787 ","$1,645,940 ","$1,429,995 ","$1,757,744 ","$2,066,454 ","$2,018,059 ","$2,064,517 "
Canada,Exports,Millions of USD,0--All Merchandise,"$312,817 ","$280,855 ","$266,734 ","$282,774 ","$299,732 ","$292,820 ","$256,212 ","$309,604 ","$359,237 ","$354,356 ","$348,503 "
Mexico,Exports,Millions of USD,0--All Merchandise,"$241,007 ","$236,460 ","$230,229 ","$243,609 ","$265,968 ","$256,676 ","$212,513 ","$277,195 ","$324,207 ","$322,742 ","$334,041 "
China,Exports,Millions of USD,0--All Merchandise,"$123,657 ","$115,873 ","$115,595 ","$129,997 ","$120,281 ","$106,481 ","$124,582 ","$151,439 ","$154,125 ","$147,778 ","$143,546 "
Netherlands,Exports,Millions of USD,0--All Merchandise,"$43,141 ","$40,212 ","$39,645 ","$41,500 ","$48,563 ","$50,681 ","$44,824 ","$53,129 ","$72,724 ","$81,310 ","$89,649 "
United Kingdom,Exports,Millions of USD,0--All Merchandise,"$53,913 ","$56,095 ","$55,197 ","$56,262 ","$66,504 ","$69,080 ","$58,533 ","$61,667 ","$76,248 ","$74,315 ","$79,941 "
Japan,Exports,Millions of USD,0--All Merchandise,"$66,892 ","$62,388 ","$63,247 ","$67,603 ","$75,164 ","$74,480 ","$64,030 ","$74,730 ","$80,222 ","$75,683 ","$79,741 "
Germany,Exports,Millions of USD,0--All Merchandise,"$49,419 ","$49,979 ","$49,569 ","$53,965 ","$57,758 ","$60,404 ","$58,002 ","$65,363 ","$72,871 ","$76,698 ","$75,613 "
South Korea,Exports,Millions of USD,0--All Merchandise,"$44,650 ","$43,484 ","$42,262 ","$48,356 ","$56,318 ","$56,504 ","$50,978 ","$65,807 ","$72,089 ","$65,056 ","$65,542 "
Brazil,Exports,Millions of USD,0--All Merchandise,"$42,432 ","$31,641 ","$30,193 ","$37,331 ","$39,400 ","$42,863 ","$34,592 ","$46,987 ","$54,245 ","$44,639 ","$49,667 "
Singapore,Exports,Millions of USD,0--All Merchandise,"$30,068 ","$28,481 ","$26,816 ","$29,649 ","$32,891 ","$31,195 ","$26,924 ","$35,387 ","$45,620 ","$42,447 ","$46,033 "
France,Exports,Millions of USD,0--All Merchandise,"$31,289 ","$30,026 ","$31,148 ","$33,595 ","$36,606 ","$37,677 ","$27,312 ","$29,904 ","$45,878 ","$43,878 ","$43,520 "
Taiwan,Exports,Millions of USD,0--All Merchandise,"$26,675 ","$25,826 ","$26,034 ","$25,736 ","$30,478 ","$31,202 ","$30,214 ","$36,844 ","$43,960 ","$39,957 ","$42,337 "
India,Exports,Millions of USD,0--All Merchandise,"$21,499 ","$21,453 ","$21,647 ","$25,648 ","$33,177 ","$34,223 ","$27,082 ","$39,817 ","$46,948 ","$40,375 ","$41,753 "
Australia,Exports,Millions of USD,0--All Merchandise,"$26,682 ","$25,032 ","$22,145 ","$24,519 ","$25,332 ","$25,875 ","$23,375 ","$26,458 ","$30,517 ","$33,568 ","$34,593 "
Belgium,Exports,Millions of USD,0--All Merchandise,"$34,736 ","$34,174 ","$32,100 ","$29,923 ","$31,410 ","$34,725 ","$27,578 ","$33,710 ","$35,773 ","$38,818 ","$34,178 "
Italy,Exports,Millions of USD,0--All Merchandise,"$16,969 ","$16,212 ","$16,723 ","$18,392 ","$22,853 ","$23,678 ","$19,949 ","$21,682 ","$27,491 ","$28,860 ","$32,402 "
Hong Kong,Exports,Millions of USD,0--All Merchandise,"$40,913 ","$37,183 ","$34,895 ","$39,855 ","$37,318 ","$30,805 ","$23,826 ","$29,899 ","$25,832 ","$27,792 ","$27,886 "
Malaysia,Exports,Millions of USD,0--All Merchandise,"$13,069 ","$12,278 ","$11,774 ","$12,872 ","$12,953 ","$13,194 ","$12,296 ","$15,095 ","$18,224 ","$19,358 ","$27,705 "
United Arab Emirates,Exports,Millions of USD,0--All Merchandise,"$22,115 ","$23,001 ","$22,384 ","$20,079 ","$19,497 ","$19,974 ","$14,744 ","$17,051 ","$20,836 ","$24,849 ","$26,969 "
Switzerland,Exports,Millions of USD,0--All Merchandise,"$22,204 ","$22,154 ","$22,797 ","$21,696 ","$22,172 ","$17,960 ","$18,064 ","$23,635 ","$36,720 ","$27,780 ","$24,962 "
Spain,Exports,Millions of USD,0--All Merchandise,"$10,200 ","$10,310 ","$10,401 ","$11,071 ","$13,064 ","$15,343 ","$13,060 ","$16,835 ","$26,778 ","$25,161 ","$23,910 "
Colombia,Exports,Millions of USD,0--All Merchandise,"$20,067 ","$16,302 ","$13,047 ","$13,374 ","$15,115 ","$14,762 ","$11,932 ","$16,766 ","$20,917 ","$17,680 ","$19,038 "
Chile,Exports,Millions of USD,0--All Merchandise,"$16,541 ","$15,449 ","$12,937 ","$13,633 ","$15,313 ","$15,718 ","$12,462 ","$17,319 ","$22,332 ","$18,774 ","$18,168 "
Thailand,Exports,Millions of USD,0--All Merchandise,"$11,815 ","$11,229 ","$10,501 ","$11,033 ","$12,525 ","$13,281 ","$11,266 ","$12,647 ","$15,733 ","$15,557 ","$17,719 "
Ireland,Exports,Millions of USD,0--All Merchandise,"$7,808 ","$8,931 ","$9,565 ","$10,708 ","$10,749 ","$9,797 ","$10,668 ","$13,734 ","$15,947 ","$16,781 ","$16,538 "
Turkey,Exports,Millions of USD,0--All Merchandise,"$11,650 ","$9,520 ","$9,354 ","$9,772 ","$10,213 ","$10,032 ","$9,988 ","$11,927 ","$15,172 ","$14,580 ","$15,293 "
Israel,Exports,Millions of USD,0--All Merchandise,"$15,073 ","$13,539 ","$13,199 ","$12,548 ","$13,709 ","$16,338 ","$11,224 ","$12,867 ","$14,184 ","$13,978 ","$14,792 "
Saudi Arabia,Exports,Millions of USD,0--All Merchandise,"$18,717 ","$19,792 ","$17,994 ","$16,355 ","$13,599 ","$14,483 ","$11,131 ","$11,132 ","$11,393 ","$13,847 ","$13,177 "
Vietnam,Exports,Millions of USD,0--All Merchandise,"$5,732 ","$7,101 ","$10,098 ","$8,134 ","$9,676 ","$10,822 ","$9,915 ","$11,020 ","$11,344 ","$9,843 ","$13,098 "
Dominican Republic,Exports,Millions of USD,0--All Merchandise,"$7,928 ","$7,115 ","$7,751 ","$7,852 ","$8,943 ","$9,208 ","$7,501 ","$10,740 ","$13,960 ","$13,009 ","$13,082 "
Poland,Exports,Millions of USD,0--All Merchandise,"$3,661 ","$3,715 ","$3,644 ","$4,523 ","$5,358 ","$5,965 ","$5,047 ","$5,856 ","$11,468 ","$10,993 ","$11,985 "
Peru,Exports,Millions of USD,0--All Merchandise,"$10,055 ","$8,724 ","$7,927 ","$8,675 ","$9,677 ","$9,658 ","$7,587 ","$10,449 ","$13,831 ","$11,861 ","$11,224 "
Panama,Exports,Millions of USD,0--All Merchandise,"$10,140 ","$7,669 ","$6,069 ","$6,290 ","$6,732 ","$7,538 ","$5,655 ","$8,040 ","$11,853 ","$11,067 ","$10,702 "
Indonesia,Exports,Millions of USD,0--All Merchandise,"$8,281 ","$7,118 ","$6,024 ","$6,864 ","$8,171 ","$7,731 ","$7,383 ","$9,381 ","$9,836 ","$9,838 ","$10,202 "
Guatemala,Exports,Millions of USD,0--All Merchandise,"$6,046 ","$5,821 ","$5,835 ","$6,864 ","$6,639 ","$6,803 ","$5,844 ","$8,093 ","$10,135 ","$9,725 ","$9,715 "
Costa Rica,Exports,Millions of USD,0--All Merchandise,"$6,947 ","$6,045 ","$5,865 ","$6,146 ","$6,470 ","$6,220 ","$5,671 ","$7,354 ","$8,898 ","$8,982 ","$9,677 "
Philippines,Exports,Millions of USD,0--All Merchandise,"$8,453 ","$7,903 ","$8,194 ","$8,451 ","$8,716 ","$8,641 ","$7,723 ","$9,287 ","$9,259 ","$9,259 ","$9,297 "
Argentina,Exports,Millions of USD,0--All Merchandise,"$10,823 ","$9,362 ","$8,527 ","$9,604 ","$9,908 ","$8,122 ","$5,952 ","$7,781 ","$12,816 ","$11,396 ","$9,171 "
Sweden,Exports,Millions of USD,0--All Merchandise,"$4,337 ","$3,939 ","$3,805 ","$3,735 ","$4,471 ","$4,368 ","$4,772 ","$5,273 ","$7,778 ","$8,635 ","$8,187 "
Ecuador,Exports,Millions of USD,0--All Merchandise,"$8,254 ","$5,818 ","$4,164 ","$4,832 ","$5,903 ","$5,574 ","$4,134 ","$4,960 ","$7,850 ","$7,977 ","$7,532 "
Honduras,Exports,Millions of USD,0--All Merchandise,"$5,961 ","$5,216 ","$4,828 ","$5,068 ","$5,594 ","$5,420 ","$4,193 ","$6,386 ","$7,827 ","$6,782 ","$7,057 "
Egypt,Exports,Millions of USD,0--All Merchandise,"$6,483 ","$4,759 ","$3,486 ","$3,990 ","$5,053 ","$5,498 ","$4,705 ","$5,852 ","$6,316 ","$4,480 ","$6,092 "
South Africa,Exports,Millions of USD,0--All Merchandise,"$6,375 ","$5,457 ","$4,600 ","$5,051 ","$5,531 ","$5,367 ","$4,375 ","$5,473 ","$6,497 ","$7,125 ","$5,819 "
Denmark,Exports,Millions of USD,0--All Merchandise,"$2,361 ","$2,203 ","$2,238 ","$2,211 ","$2,608 ","$3,195 ","$2,942 ","$3,540 ","$4,596 ","$5,222 ","$5,808 "
Bahamas,Exports,Millions of USD,0--All Merchandise,"$3,321 ","$2,387 ","$2,097 ","$3,064 ","$3,024 ","$3,358 ","$2,805 ","$2,900 ","$5,472 ","$5,464 ","$5,640 "
Morocco,Exports,Millions of USD,0--All Merchandise,"$2,102 ","$1,625 ","$1,933 ","$2,218 ","$3,035 ","$3,502 ","$2,301 ","$2,796 ","$3,701 ","$3,838 ","$5,269 "
Norway,Exports,Millions of USD,0--All Merchandise,"$4,421 ","$3,570 ","$3,920 ","$5,451 ","$5,443 ","$3,893 ","$2,774 ","$3,994 ","$4,634 ","$5,022 ","$4,592 "
El Salvador,Exports,Millions of USD,0--All Merchandise,"$3,306 ","$3,249 ","$2,919 ","$3,072 ","$3,391 ","$3,366 ","$2,584 ","$4,131 ","$4,889 ","$4,289 ","$4,556 "
New Zealand,Exports,Millions of USD,0--All Merchandise,"$4,258 ","$3,631 ","$3,575 ","$3,923 ","$4,060 ","$3,947 ","$3,196 ","$3,717 ","$4,167 ","$4,352 ","$4,499 "
Austria,Exports,Millions of USD,0--All Merchandise,"$3,825 ","$4,024 ","$3,796 ","$4,275 ","$3,564 ","$5,709 ","$3,430 ","$3,935 ","$4,770 ","$5,525 ","$4,474 "
Czech Republic,Exports,Millions of USD,0--All Merchandise,"$2,303 ","$1,977 ","$1,966 ","$2,272 ","$3,003 ","$2,791 ","$2,973 ","$3,661 ","$3,801 ","$4,599 ","$4,280 "
Venezuela,Exports,Millions of USD,0--All Merchandise,"$11,178 ","$8,344 ","$5,214 ","$4,127 ","$6,074 ","$1,302 ","$1,130 ","$1,614 ","$2,188 ","$2,494 ","$4,232 "
Nigeria,Exports,Millions of USD,0--All Merchandise,"$5,966 ","$3,431 ","$1,895 ","$2,174 ","$2,686 ","$3,198 ","$2,801 ","$3,890 ","$3,412 ","$2,587 ","$4,174 "
Qatar,Exports,Millions of USD,0--All Merchandise,"$5,173 ","$4,222 ","$4,927 ","$3,124 ","$4,428 ","$6,457 ","$3,410 ","$2,574 ","$3,666 ","$4,655 ","$3,804 "
Hungary,Exports,Millions of USD,0--All Merchandise,"$1,844 ","$1,715 ","$1,845 ","$1,888 ","$1,750 ","$1,915 ","$2,111 ","$2,911 ","$2,872 ","$3,120 ","$3,261 "
Paraguay,Exports,Millions of USD,0--All Merchandise,"$2,116 ","$1,492 ","$1,970 ","$2,713 ","$2,256 ","$2,108 ","$1,267 ","$2,055 ","$2,116 ","$2,765 ","$3,158 "
Portugal,Exports,Millions of USD,0--All Merchandise,"$1,121 ",$942 ,$967 ,"$1,193 ","$1,573 ","$1,716 ","$1,663 ","$2,370 ","$2,907 ","$2,379 ","$3,048 "
Nicaragua,Exports,Millions of USD,0--All Merchandise,"$1,009 ","$1,267 ","$1,480 ","$1,587 ","$1,629 ","$1,618 ","$1,426 ","$2,158 ","$2,647 ","$2,365 ","$2,941 "
Trinidad and Tobago,Exports,Millions of USD,0--All Merchandise,"$2,411 ","$2,512 ","$2,341 ","$1,817 ","$2,111 ","$2,817 ","$2,401 ","$2,647 ","$3,634 ","$2,269 ","$2,940 "
Jamaica,Exports,Millions of USD,0--All Merchandise,"$2,180 ","$1,716 ","$1,650 ","$2,111 ","$2,611 ","$2,480 ","$1,662 ","$1,981 ","$2,566 ","$2,633 ","$2,644 "
Greece,Exports,Millions of USD,0--All Merchandise,$773 ,$726 ,$747 ,$954 ,"$1,084 ","$1,442 ","$1,403 ","$1,557 ","$2,381 ","$1,752 ","$2,614 "
Finland,Exports,Millions of USD,0--All Merchandise,"$2,150 ","$1,560 ","$1,498 ","$1,510 ","$1,881 ","$1,769 ","$1,595 ","$1,727 ","$2,649 ","$2,963 ","$2,564 "
Kuwait,Exports,Millions of USD,0--All Merchandise,"$3,649 ","$2,741 ","$3,296 ","$5,098 ","$2,974 ","$3,171 ","$2,207 ","$3,037 ","$3,394 ","$2,829 ","$2,412 "
Bangladesh,Exports,Millions of USD,0--All Merchandise,"$1,113 ",$943 ,$906 ,"$1,474 ","$2,082 ","$2,339 ","$1,852 ","$2,350 ","$2,947 ","$2,248 ","$2,214 "
Pakistan,Exports,Millions of USD,0--All Merchandise,"$1,513 ","$1,838 ","$2,108 ","$2,808 ","$2,852 ","$2,647 ","$2,912 ","$3,617 ","$3,155 ","$2,044 ","$2,135 "
Jordan,Exports,Millions of USD,0--All Merchandise,"$2,050 ","$1,360 ","$1,459 ","$1,921 ","$1,581 ","$1,492 ","$1,319 ","$1,203 ","$1,579 ","$1,551 ","$2,031 "
Oman,Exports,Millions of USD,0--All Merchandise,"$2,014 ","$2,355 ","$1,803 ","$1,984 ","$2,415 ","$1,937 ","$1,130 ","$1,397 ","$1,487 ","$1,859 ","$1,954 "
Lithuania,Exports,Millions of USD,0--All Merchandise,$681 ,$528 ,$464 ,$609 ,$706 ,$934 ,"$1,032 ","$1,256 ","$2,601 ","$2,944 ","$1,929 "
Georgia,Exports,Millions of USD,0--All Merchandise,$628 ,$340 ,$324 ,$383 ,$478 ,$769 ,$436 ,$656 ,"$1,237 ","$1,512 ","$1,736 "
Ukraine,Exports,Millions of USD,0--All Merchandise,"$1,239 ",$862 ,"$1,077 ","$1,788 ","$2,487 ","$2,457 ","$1,908 ","$2,522 ","$1,428 ","$1,048 ","$1,684 "
Iraq,Exports,Millions of USD,0--All Merchandise,"$2,106 ","$1,973 ","$1,266 ","$1,205 ","$1,312 ","$1,189 ",$770 ,$828 ,$899 ,"$2,256 ","$1,661 "
Uruguay,Exports,Millions of USD,0--All Merchandise,"$1,607 ","$1,295 ","$1,114 ","$1,588 ","$1,384 ","$1,616 ","$1,217 ","$1,804 ","$2,904 ","$1,880 ","$1,649 "
Bahrain,Exports,Millions of USD,0--All Merchandise,"$1,060 ","$1,271 ",$899 ,$898 ,"$2,042 ","$1,406 ",$885 ,$934 ,$950 ,"$1,676 ","$1,646 "
Guyana,Exports,Millions of USD,0--All Merchandise,$370 ,$368 ,$444 ,$377 ,$541 ,$672 ,$655 ,"$1,012 ","$1,181 ","$1,360 ","$1,315 "
Cayman Islands,Exports,Millions of USD,0--All Merchandise,$814 ,$685 ,$753 ,$886 ,$952 ,"$1,125 ",$752 ,"$1,175 ","$1,497 ","$1,333 ","$1,286 "
Romania,Exports,Millions of USD,0--All Merchandise,$977 ,$754 ,$696 ,$954 ,"$1,114 ",$950 ,$923 ,"$1,412 ","$1,350 ","$1,305 ","$1,259 "
Haiti,Exports,Millions of USD,0--All Merchandise,"$1,274 ","$1,141 ","$1,091 ","$1,423 ","$1,414 ","$1,262 ","$1,399 ","$1,295 ","$1,378 ","$1,296 ","$1,214 "
Luxembourg,Exports,Millions of USD,0--All Merchandise,"$1,516 ","$1,394 ","$1,446 ","$1,078 ","$1,084 ","$1,922 ","$1,352 ","$1,530 ","$1,648 ","$2,366 ","$1,137 "
Kazakhstan,Exports,Millions of USD,0--All Merchandise,"$1,008 ",$510 ,"$1,111 ",$552 ,$729 ,$740 ,$509 ,$806 ,"$1,082 ","$1,161 ","$1,077 "
Saint Lucia,Exports,Millions of USD,0--All Merchandise,$694 ,$515 ,$439 ,$556 ,$590 ,$822 ,$621 ,$534 ,$892 ,$692 ,"$1,044 "
Ethiopia,Exports,Millions of USD,0--All Merchandise,"$1,669 ","$1,555 ",$826 ,$877 ,"$1,308 ","$1,011 ",$911 ,$575 ,"$1,084 ","$1,220 ","$1,018 "
Algeria,Exports,Millions of USD,0--All Merchandise,"$2,617 ","$1,876 ","$2,191 ","$1,062 ","$1,261 ","$1,000 ",$735 ,$784 ,"$1,198 ","$1,201 ","$1,015 "
Croatia,Exports,Millions of USD,0--All Merchandise,$340 ,$332 ,$291 ,$447 ,$615 ,$711 ,$316 ,$731 ,"$1,466 ","$1,020 ",$994 
Iceland,Exports,Millions of USD,0--All Merchandise,$375 ,$415 ,$448 ,$399 ,$670 ,$555 ,$292 ,$629 ,$634 ,$328 ,$986 
Ghana,Exports,Millions of USD,0--All Merchandise,"$1,186 ",$950 ,$832 ,$860 ,$769 ,$840 ,$829 ,$957 ,$975 ,$861 ,$967 
Curacao,Exports,Millions of USD,0--All Merchandise,$612 ,$521 ,$877 ,$704 ,$729 ,$410 ,$350 ,$342 ,$521 ,$510 ,$824 
Kenya,Exports,Millions of USD,0--All Merchandise,"$1,641 ",$943 ,$397 ,$454 ,$365 ,$401 ,$372 ,$559 ,$571 ,$485 ,$783 
Barbados,Exports,Millions of USD,0--All Merchandise,$540 ,$595 ,$482 ,$527 ,$583 ,$568 ,$505 ,$744 ,$820 ,$715 ,$773 
Sint Maarten,Exports,Millions of USD,0--All Merchandise,$778 ,$741 ,$715 ,$554 ,$677 ,$692 ,$335 ,$383 ,$699 ,$847 ,$754 
Aruba,Exports,Millions of USD,0--All Merchandise,"$1,300 ","$1,168 ",$801 ,$975 ,$614 ,$560 ,$309 ,$541 ,$643 ,$633 ,$726 
Turks and Caicos Islands,Exports,Millions of USD,0--All Merchandise,$282 ,$280 ,$297 ,$370 ,$356 ,$346 ,$260 ,$379 ,$569 ,$597 ,$714 
Angola,Exports,Millions of USD,0--All Merchandise,"$2,039 ","$1,166 ","$1,250 ",$809 ,$525 ,$535 ,$470 ,$445 ,$651 ,$599 ,$682 
Gibraltar,Exports,Millions of USD,0--All Merchandise,"$2,531 ","$1,979 ","$1,634 ","$1,140 ","$1,357 ","$1,259 ",$828 ,$784 ,$274 ,$280 ,$651 
CÃ´te d'Ivoire,Exports,Millions of USD,0--All Merchandise,$239 ,$266 ,$291 ,$322 ,$309 ,$279 ,$219 ,$361 ,$506 ,$516 ,$597 
Belize,Exports,Millions of USD,0--All Merchandise,$237 ,$285 ,$267 ,$295 ,$407 ,$406 ,$395 ,$412 ,$508 ,$646 ,$590 
Cuba,Exports,Millions of USD,0--All Merchandise,$299 ,$186 ,$242 ,$291 ,$271 ,$286 ,$177 ,$327 ,$372 ,$404 ,$586 
Antigua and Barbuda,Exports,Millions of USD,0--All Merchandise,$217 ,$678 ,$262 ,$426 ,$514 ,$490 ,$291 ,$574 ,"$1,057 ",$973 ,$574 
"Tanzania, United Republic of",Exports,Millions of USD,0--All Merchandise,$302 ,$173 ,$158 ,$145 ,$332 ,$333 ,$243 ,$282 ,$260 ,$445 ,$573 
Libya,Exports,Millions of USD,0--All Merchandise,$532 ,$231 ,$190 ,$135 ,$244 ,$412 ,$290 ,$295 ,$291 ,$446 ,$567 
Slovakia,Exports,Millions of USD,0--All Merchandise,$445 ,$380 ,$293 ,$442 ,$289 ,$389 ,$333 ,$337 ,$375 ,$427 ,$553 
Latvia,Exports,Millions of USD,0--All Merchandise,$428 ,$267 ,$273 ,$382 ,$510 ,$552 ,$306 ,$413 ,$418 ,"$1,012 ",$546 
Lebanon,Exports,Millions of USD,0--All Merchandise,"$1,268 ","$1,286 ","$1,170 ","$1,221 ","$1,328 ","$1,004 ",$678 ,$665 ,$766 ,$536 ,$541 
Bermuda,Exports,Millions of USD,0--All Merchandise,$647 ,$601 ,$628 ,$694 ,$612 ,$578 ,$459 ,$552 ,$648 ,$568 ,$540 
Russia,Exports,Millions of USD,0--All Merchandise,"$10,752 ","$7,087 ","$5,831 ","$7,003 ","$6,658 ","$5,787 ","$4,889 ","$6,388 ","$1,656 ",$600 ,$526 
Tunisia,Exports,Millions of USD,0--All Merchandise,$831 ,$602 ,$527 ,$544 ,$597 ,$461 ,$429 ,$466 ,$552 ,$553 ,$504 
Bulgaria,Exports,Millions of USD,0--All Merchandise,$359 ,$289 ,$269 ,$381 ,$370 ,$462 ,$375 ,$339 ,$531 ,$511 ,$489 
Guadeloupe,Exports,Millions of USD,0--All Merchandise,$427 ,$101 ,$145 ,$244 ,$320 ,$206 ,$244 ,$272 ,$473 ,$485 ,$471 
Bolivia,Exports,Millions of USD,0--All Merchandise,"$1,009 ",$932 ,$657 ,$595 ,$560 ,$552 ,$448 ,$553 ,$494 ,$504 ,$401 
Mongolia,Exports,Millions of USD,0--All Merchandise,$167 ,$69 ,$55 ,$82 ,$121 ,$193 ,$118 ,$148 ,$149 ,$168 ,$397 
Suriname,Exports,Millions of USD,0--All Merchandise,$519 ,$444 ,$304 ,$360 ,$388 ,$382 ,$267 ,$301 ,$532 ,$483 ,$384 
Uzbekistan,Exports,Millions of USD,0--All Merchandise,$213 ,$138 ,$318 ,$136 ,$297 ,$506 ,$181 ,$401 ,$271 ,$343 ,$381 
Estonia,Exports,Millions of USD,0--All Merchandise,$309 ,$289 ,$257 ,$274 ,$346 ,$411 ,$345 ,$450 ,$405 ,$369 ,$374 
Sri Lanka,Exports,Millions of USD,0--All Merchandise,$351 ,$362 ,$368 ,$336 ,$371 ,$390 ,$359 ,$390 ,$337 ,$351 ,$368 
Malta,Exports,Millions of USD,0--All Merchandise,$918 ,$491 ,$292 ,$293 ,$201 ,$143 ,$138 ,$130 ,$268 ,$424 ,$361 
Senegal,Exports,Millions of USD,0--All Merchandise,$171 ,$199 ,$184 ,$208 ,$289 ,$197 ,$281 ,$382 ,$359 ,$348 ,$351 
Slovenia,Exports,Millions of USD,0--All Merchandise,$301 ,$346 ,$331 ,$372 ,$322 ,$344 ,$298 ,$242 ,$396 ,$363 ,$332 
Cambodia,Exports,Millions of USD,0--All Merchandise,$328 ,$391 ,$361 ,$400 ,$446 ,$514 ,$344 ,$415 ,$446 ,$307 ,$322 
British Virgin Islands,Exports,Millions of USD,0--All Merchandise,$388 ,$260 ,$333 ,$400 ,$823 ,$581 ,$284 ,$273 ,$485 ,$441 ,$313 
Togo,Exports,Millions of USD,0--All Merchandise,"$1,025 ",$312 ,$229 ,$456 ,$646 ,$437 ,$310 ,$235 ,$388 ,$393 ,$284 
"Macau, SAR of China",Exports,Millions of USD,0--All Merchandise,$433 ,$542 ,$632 ,$501 ,$602 ,$572 ,$183 ,$220 ,$250 ,$526 ,$275 
Azerbaijan,Exports,Millions of USD,0--All Merchandise,$950 ,$478 ,$434 ,$355 ,$314 ,$374 ,$162 ,$132 ,$186 ,$542 ,$255 
Democratic Republic of Congo,Exports,Millions of USD,0--All Merchandise,$182 ,$136 ,$83 ,$76 ,$78 ,$132 ,$152 ,$212 ,$148 ,$187 ,$253 
Congo,Exports,Millions of USD,0--All Merchandise,$322 ,$249 ,$131 ,$117 ,$100 ,$109 ,$99 ,$114 ,$180 ,$201 ,$237 
Liberia,Exports,Millions of USD,0--All Merchandise,$185 ,$136 ,$158 ,$138 ,$197 ,$114 ,$93 ,$140 ,$261 ,$251 ,$220 
Benin,Exports,Millions of USD,0--All Merchandise,$781 ,$631 ,$235 ,$250 ,$254 ,$266 ,$197 ,$292 ,$286 ,$241 ,$216 
Serbia,Exports,Millions of USD,0--All Merchandise,$135 ,$126 ,$145 ,$125 ,$166 ,$151 ,$142 ,$181 ,$247 ,$239 ,$210 
Martinique,Exports,Millions of USD,0--All Merchandise,$331 ,$133 ,$145 ,$167 ,$248 ,$132 ,$118 ,$160 ,$287 ,$385 ,$199 
Cameroon,Exports,Millions of USD,0--All Merchandise,$301 ,$225 ,$190 ,$159 ,$193 ,$200 ,$187 ,$149 ,$192 ,$219 ,$193 
Cyprus,Exports,Millions of USD,0--All Merchandise,$152 ,$102 ,$183 ,$82 ,$132 ,$204 ,$103 ,$250 ,$120 ,$188 ,$183 
Gabon,Exports,Millions of USD,0--All Merchandise,$417 ,$204 ,$85 ,$89 ,$113 ,$129 ,$92 ,$129 ,$133 ,$180 ,$171 
Grenada,Exports,Millions of USD,0--All Merchandise,$84 ,$90 ,$87 ,$103 ,$119 ,$119 ,$99 ,$125 ,$168 ,$202 ,$165 
Monaco,Exports,Millions of USD,0--All Merchandise,$128 ,$71 ,$69 ,$42 ,$229 ,$54 ,$50 ,$64 ,$42 ,$72 ,$163 
Armenia,Exports,Millions of USD,0--All Merchandise,$60 ,$50 ,$44 ,$55 ,$46 ,$53 ,$28 ,$45 ,$195 ,$189 ,$161 
Namibia,Exports,Millions of USD,0--All Merchandise,$343 ,$128 ,$213 ,$115 ,$205 ,$191 ,$60 ,$93 ,$226 ,$177 ,$161 
Saint Kitts and Nevis,Exports,Millions of USD,0--All Merchandise,$180 ,$150 ,$145 ,$244 ,$209 ,$197 ,$136 ,$144 ,$174 ,$178 ,$160 
Mozambique,Exports,Millions of USD,0--All Merchandise,$375 ,$264 ,$149 ,$177 ,$183 ,$196 ,$127 ,$190 ,$235 ,$190 ,$150 
French Polynesia,Exports,Millions of USD,0--All Merchandise,$130 ,$120 ,$100 ,$120 ,$288 ,$651 ,$126 ,$129 ,$148 ,$164 ,$145 
Djibouti,Exports,Millions of USD,0--All Merchandise,$111 ,$145 ,$133 ,$157 ,$111 ,$150 ,$185 ,$187 ,$172 ,$177 ,$145 
Saint Vincent and the Grenadines,Exports,Millions of USD,0--All Merchandise,$104 ,$85 ,$94 ,$81 ,$82 ,$103 ,$78 ,$102 ,$150 ,$175 ,$143 
Albania,Exports,Millions of USD,0--All Merchandise,$51 ,$31 ,$50 ,$62 ,$59 ,$86 ,$57 ,$98 ,$117 ,$139 ,$142 
Mauritania,Exports,Millions of USD,0--All Merchandise,$149 ,$126 ,$116 ,$128 ,$88 ,$91 ,$128 ,$132 ,$154 ,$167 ,$140 
Guinea,Exports,Millions of USD,0--All Merchandise,$65 ,$135 ,$84 ,$103 ,$127 ,$128 ,$136 ,$152 ,$120 ,$183 ,$138 
Yemen,Exports,Millions of USD,0--All Merchandise,$369 ,$158 ,$171 ,$199 ,$191 ,$270 ,$329 ,$271 ,$378 ,$192 ,$134 
Kyrgyzstan,Exports,Millions of USD,0--All Merchandise,$72 ,$32 ,$20 ,$26 ,$17 ,$21 ,$32 ,$34 ,$61 ,$141 ,$133 
Marshall Islands,Exports,Millions of USD,0--All Merchandise,$95 ,$54 ,$283 ,$557 ,$290 ,$105 ,$120 ,$233 ,$207 ,$73 ,$127 
Brunei,Exports,Millions of USD,0--All Merchandise,$549 ,$133 ,$614 ,$121 ,$266 ,$288 ,$146 ,$101 ,$114 ,$142 ,$127 
Nepal,Exports,Millions of USD,0--All Merchandise,$36 ,$36 ,$40 ,$76 ,$56 ,$123 ,$94 ,$197 ,$259 ,$63 ,$121 
Sierra Leone,Exports,Millions of USD,0--All Merchandise,$88 ,$77 ,$63 ,$79 ,$71 ,$78 ,$74 ,$115 ,$106 ,$104 ,$120 
Zambia,Exports,Millions of USD,0--All Merchandise,$114 ,$84 ,$82 ,$85 ,$195 ,$99 ,$72 ,$94 ,$135 ,$94 ,$114 
Uganda,Exports,Millions of USD,0--All Merchandise,$78 ,$88 ,$69 ,$108 ,$88 ,$104 ,$95 ,$167 ,$166 ,$121 ,$106 
Botswana,Exports,Millions of USD,0--All Merchandise,$53 ,$39 ,$42 ,$93 ,$82 ,$104 ,$49 ,$53 ,$45 ,$68 ,$104 
Equatorial Guinea,Exports,Millions of USD,0--All Merchandise,$575 ,$162 ,$278 ,$112 ,$139 ,$214 ,$94 ,$51 ,$71 ,$99 ,$95 
Fiji,Exports,Millions of USD,0--All Merchandise,$80 ,$57 ,$55 ,$67 ,$105 ,$103 ,$40 ,$180 ,$63 ,$101 ,$95 
Maldives,Exports,Millions of USD,0--All Merchandise,$29 ,$35 ,$31 ,$34 ,$38 ,$39 ,$25 ,$41 ,$99 ,$69 ,$93 
Iran,Exports,Millions of USD,0--All Merchandise,$187 ,$282 ,$172 ,$136 ,$426 ,$77 ,$36 ,$39 ,$45 ,$59 ,$91 
Turkmenistan,Exports,Millions of USD,0--All Merchandise,$456 ,$81 ,$106 ,$282 ,$31 ,$29 ,$33 ,$79 ,$49 ,$56 ,$82 
Gambia,Exports,Millions of USD,0--All Merchandise,$42 ,$37 ,$40 ,$39 ,$41 ,$45 ,$41 ,$54 ,$68 ,$71 ,$81 
San Marino,Exports,Millions of USD,0--All Merchandise,$6 ,$5 ,$5 ,$2 ,$2 ,$32 ,$2 ,$62 ,$1 ,$2 ,$80 
Burma (Myanmar),Exports,Millions of USD,0--All Merchandise,$93 ,$227 ,$196 ,$211 ,$261 ,$347 ,$339 ,$213 ,$130 ,$172 ,$77 
Anguilla,Exports,Millions of USD,0--All Merchandise,$58 ,$48 ,$43 ,$59 ,$116 ,$74 ,$47 ,$80 ,$87 ,$70 ,$72 
Papua New Guinea,Exports,Millions of USD,0--All Merchandise,$143 ,$208 ,$131 ,$106 ,$87 ,$95 ,$63 ,$44 ,$116 ,$129 ,$67 
Liechtenstein,Exports,Millions of USD,0--All Merchandise,$31 ,$35 ,$25 ,$28 ,$49 ,$18 ,$40 ,$45 ,$81 ,$86 ,$66 
Macedonia,Exports,Millions of USD,0--All Merchandise,$34 ,$31 ,$46 ,$41 ,$41 ,$39 ,$44 ,$45 ,$49 ,$58 ,$61 
Chad,Exports,Millions of USD,0--All Merchandise,$66 ,$57 ,$33 ,$31 ,$51 ,$85 ,$46 ,$43 ,$88 ,$32 ,$60 
South Sudan,Exports,Millions of USD,0--All Merchandise,$46 ,$20 ,$10 ,$14 ,$23 ,$22 ,$45 ,$58 ,$42 ,$51 ,$59 
Dominica,Exports,Millions of USD,0--All Merchandise,$64 ,$67 ,$51 ,$167 ,$162 ,$243 ,$101 ,$371 ,$147 ,$74 ,$59 
Tajikistan,Exports,Millions of USD,0--All Merchandise,$25 ,$19 ,$21 ,$18 ,$14 ,$11 ,$8 ,$15 ,$124 ,$118 ,$57 
Sudan,Exports,Millions of USD,0--All Merchandise,$77 ,$60 ,$56 ,$69 ,$95 ,$74 ,$71 ,$153 ,$143 ,$55 ,$57 
Samoa,Exports,Millions of USD,0--All Merchandise,$23 ,$23 ,$28 ,$38 ,$39 ,$53 ,$26 ,$33 ,$36 ,$33 ,$54 
Burkina Faso,Exports,Millions of USD,0--All Merchandise,$74 ,$54 ,$36 ,$61 ,$59 ,$66 ,$72 ,$97 ,$66 ,$46 ,$54 
"Moldova, Republic of",Exports,Millions of USD,0--All Merchandise,$35 ,$16 ,$15 ,$18 ,$13 ,$20 ,$50 ,$38 ,$39 ,$72 ,$54 
Madagascar,Exports,Millions of USD,0--All Merchandise,$47 ,$55 ,$42 ,$53 ,$117 ,$67 ,$36 ,$56 ,$85 ,$62 ,$53 
Bosnia and Herzegovina,Exports,Millions of USD,0--All Merchandise,$46 ,$28 ,$29 ,$27 ,$46 ,$60 ,$22 ,$52 ,$56 ,$25 ,$53 
Mali,Exports,Millions of USD,0--All Merchandise,$38 ,$72 ,$73 ,$62 ,$79 ,$68 ,$97 ,$99 ,$89 ,$101 ,$51 
Micronesia (Federated States of),Exports,Millions of USD,0--All Merchandise,$42 ,$40 ,$43 ,$45 ,$47 ,$45 ,$58 ,$49 ,$63 ,$52 ,$50 
Kosovo,Exports,Millions of USD,0--All Merchandise,$16 ,$20 ,$18 ,$10 ,$19 ,$16 ,$33 ,$31 ,$25 ,$50 ,$49 
Somalia,Exports,Millions of USD,0--All Merchandise,$36 ,$45 ,$39 ,$71 ,$49 ,$105 ,$57 ,$52 ,$85 ,$50 ,$49 
Greenland,Exports,Millions of USD,0--All Merchandise,$13 ,$8 ,$4 ,$10 ,$10 ,$19 ,$7 ,$13 ,$7 ,$7 ,$48 
Mauritius,Exports,Millions of USD,0--All Merchandise,$36 ,$58 ,$87 ,$61 ,$123 ,$103 ,$50 ,$78 ,$102 ,$112 ,$48 
Eswatini,Exports,Millions of USD,0--All Merchandise,$26 ,$29 ,$26 ,$24 ,$33 ,$20 ,$21 ,$36 ,$73 ,$38 ,$46 
Rwanda,Exports,Millions of USD,0--All Merchandise,$21 ,$14 ,$75 ,$66 ,$25 ,$19 ,$27 ,$50 ,$65 ,$38 ,$45 
Zimbabwe,Exports,Millions of USD,0--All Merchandise,$49 ,$38 ,$30 ,$40 ,$34 ,$40 ,$46 ,$45 ,$39 ,$40 ,$44 
Niger,Exports,Millions of USD,0--All Merchandise,$59 ,$72 ,$66 ,$44 ,$62 ,$92 ,$145 ,$137 ,$96 ,$78 ,$43 
Laos,Exports,Millions of USD,0--All Merchandise,$29 ,$25 ,$31 ,$26 ,$16 ,$17 ,$25 ,$33 ,$41 ,$46 ,$40 
Eritrea,Exports,Millions of USD,0--All Merchandise,$5 ,$3 ,$3 ,$5 ,$8 ,$14 ,$19 ,$27 ,$33 ,$33 ,$37 
Central African Republic,Exports,Millions of USD,0--All Merchandise,$32 ,$34 ,$9 ,$11 ,$10 ,$17 ,$16 ,$17 ,$23 ,$17 ,$35 
New Caledonia,Exports,Millions of USD,0--All Merchandise,$121 ,$89 ,$66 ,$59 ,$64 ,$74 ,$61 ,$72 ,$77 ,$63 ,$29 
French Guiana,Exports,Millions of USD,0--All Merchandise,$281 ,"$1,074 ",$678 ,$163 ,$230 ,$332 ,$483 ,$191 ,$288 ,$14 ,$29 
Montenegro,Exports,Millions of USD,0--All Merchandise,$18 ,$11 ,$17 ,$9 ,$64 ,$18 ,$37 ,$12 ,$40 ,$46 ,$28 
Malawi,Exports,Millions of USD,0--All Merchandise,$51 ,$37 ,$47 ,$28 ,$17 ,$23 ,$13 ,$23 ,$36 ,$18 ,$27 
Palau,Exports,Millions of USD,0--All Merchandise,$21 ,$26 ,$26 ,$19 ,$21 ,$20 ,$21 ,$27 ,$24 ,$20 ,$21 
Tonga,Exports,Millions of USD,0--All Merchandise,$20 ,$14 ,$15 ,$17 ,$24 ,$20 ,$15 ,$19 ,$16 ,$17 ,$20 
East Timor,Exports,Millions of USD,0--All Merchandise,$1 ,$3 ,$2 ,$3 ,$2 ,$5 ,$9 ,$11 ,$21 ,$21 ,$19 
Seychelles,Exports,Millions of USD,0--All Merchandise,$12 ,$19 ,$12 ,$15 ,$14 ,$18 ,$17 ,$11 ,$18 ,$31 ,$17 
Solomon Islands,Exports,Millions of USD,0--All Merchandise,$7 ,$6 ,$10 ,$9 ,$12 ,$20 ,$5 ,$15 ,$10 ,$10 ,$13 
Cape Verde,Exports,Millions of USD,0--All Merchandise,$7 ,$7 ,$9 ,$9 ,$9 ,$8 ,$7 ,$13 ,$16 ,$62 ,$12 
Montserrat,Exports,Millions of USD,0--All Merchandise,$9 ,$7 ,$9 ,$10 ,$18 ,$16 ,$12 ,$10 ,$10 ,$16 ,$12 
Reunion,Exports,Millions of USD,0--All Merchandise,$11 ,$7 ,$450 ,$8 ,$9 ,$9 ,$8 ,$10 ,$10 ,$13 ,$12 
Afghanistan,Exports,Millions of USD,0--All Merchandise,$813 ,$479 ,$914 ,$942 ,"$1,227 ",$758 ,$673 ,$236 ,$22 ,$50 ,$11 
Belarus,Exports,Millions of USD,0--All Merchandise,$93 ,$59 ,$195 ,$73 ,$132 ,$125 ,$122 ,$218 ,$40 ,$17 ,$11 
Saint Helena,Exports,Millions of USD,0--All Merchandise,$0 ,$4 ,$1 ,$1 ,$1 ,$1 ,$5 ,$13 ,$10 ,$0 ,$9 
Vanuatu,Exports,Millions of USD,0--All Merchandise,$21 ,$6 ,$8 ,$8 ,$10 ,$5 ,$7 ,$4 ,$14 ,$13 ,$8 
Cook Islands,Exports,Millions of USD,0--All Merchandise,$5 ,$4 ,$5 ,$5 ,$7 ,$11 ,$3 ,$4 ,$6 ,$5 ,$7 
Burundi,Exports,Millions of USD,0--All Merchandise,$6 ,$6 ,$8 ,$8 ,$15 ,$2 ,$5 ,$4 ,$5 ,$4 ,$7 
British Indian Ocean Territory,Exports,Millions of USD,0--All Merchandise,$2 ,$1 ,$5 ,$36 ,$9 ,$23 ,$7 ,$6 ,$5 ,$3 ,$5 
Andorra,Exports,Millions of USD,0--All Merchandise,$4 ,$3 ,$3 ,$3 ,$3 ,$3 ,$4 ,$5 ,$4 ,$6 ,$5 
Comoros,Exports,Millions of USD,0--All Merchandise,$3 ,$2 ,$1 ,$1 ,$3 ,$2 ,$1 ,$2 ,$2 ,$1 ,$5 
Kiribati,Exports,Millions of USD,0--All Merchandise,$3 ,$7 ,$1 ,$5 ,$4 ,$2 ,$2 ,$2 ,$5 ,$8 ,$4 
Falkland Islands (Malvinas),Exports,Millions of USD,0--All Merchandise,$8 ,$3 ,$1 ,$0 ,$0 ,$0 ,$0 ,$0 ,$0 ,$0 ,$4 
West Bank,Exports,Millions of USD,0--All Merchandise,$2 ,$1 ,$1 ,$2 ,$2 ,$3 ,$2 ,$2 ,$12 ,$2 ,$4 
Bhutan,Exports,Millions of USD,0--All Merchandise,$2 ,$3 ,$2 ,$35 ,$56 ,$3 ,$3 ,$6 ,$4 ,$5 ,$3 
Guinea Bissau,Exports,Millions of USD,0--All Merchandise,$3 ,$2 ,$4 ,$4 ,$19 ,$1 ,$4 ,$3 ,$2 ,$3 ,$3 
Lesotho,Exports,Millions of USD,0--All Merchandise,$2 ,$1 ,$3 ,$2 ,$2 ,$1 ,$2 ,$3 ,$11 ,$3 ,$3 
Cocos (Keeling) Islands,Exports,Millions of USD,0--All Merchandise,$6 ,$1 ,$1 ,$0 ,$0 ,$0 ,$0 ,$0 ,$2 ,$0 ,$3 
French Southern Territories,Exports,Millions of USD,0--All Merchandise,$8 ,$8 ,$5 ,$3 ,$1 ,$7 ,$1 ,$3 ,$2 ,$2 ,$2 
Christmas Island,Exports,Millions of USD,0--All Merchandise,$0 ,$2 ,$1 ,$0 ,$1 ,$2 ,$2 ,$1 ,$1 ,$49 ,$2 
Syrian Arab Republic,Exports,Millions of USD,0--All Merchandise,$7 ,$3 ,$3 ,$7 ,$51 ,$9 ,$26 ,$11 ,$9 ,$14 ,$2 
Mayotte,Exports,Millions of USD,0--All Merchandise,$12 ,$6 ,$3 ,$0 ,$1 ,$2 ,$1 ,$7 ,$2 ,$2 ,$2 
North Korea,Exports,Millions of USD,0--All Merchandise,$24 ,$5 ,$0 ,,,,,,,$0 ,$2 
Faroe Islands,Exports,Millions of USD,0--All Merchandise,$2 ,$2 ,$3 ,$2 ,$2 ,$3 ,$3 ,$3 ,$2 ,$3 ,$1 
Pitcairn Islands,Exports,Millions of USD,0--All Merchandise,$0 ,$0 ,$0 ,$0 ,$0 ,$0 ,,$0 ,$0 ,$4 ,$1 
Sao Tome and Principe,Exports,Millions of USD,0--All Merchandise,$1 ,$1 ,$2 ,$3 ,$2 ,$3 ,$1 ,$3 ,$8 ,$1 ,$1 
Vatican City,Exports,Millions of USD,0--All Merchandise,$3 ,$2 ,$1 ,$1 ,$0 ,$1 ,$0 ,$0 ,$0 ,$1 ,$1 
Nauru,Exports,Millions of USD,0--All Merchandise,$1 ,$2 ,$0 ,$0 ,$1 ,$1 ,$1 ,$1 ,$1 ,$1 ,$1 
Niue,Exports,Millions of USD,0--All Merchandise,$0 ,$0 ,$0 ,$0 ,$1 ,$0 ,$0 ,$0 ,$0 ,$0 ,$1 
Tuvalu,Exports,Millions of USD,0--All Merchandise,$1 ,$1 ,$1 ,$1 ,$1 ,$1 ,$2 ,$0 ,$1 ,$0 ,$1 
Gaza Strip,Exports,Millions of USD,0--All Merchandise,$0 ,$0 ,$0 ,$1 ,$0 ,$0 ,$0 ,$0 ,$2 ,$0 ,$1 
Svalbard and Jan Mayen Island,Exports,Millions of USD,0--All Merchandise,$3 ,$0 ,$0 ,$2 ,$4 ,$4 ,$1 ,$2 ,$1 ,$1 ,$0 
Tokelau Islands,Exports,Millions of USD,0--All Merchandise,$1 ,$0 ,$2 ,$1 ,$19 ,$1 ,$0 ,$0 ,$6 ,$0 ,$0 
Norfolk Island,Exports,Millions of USD,0--All Merchandise,$1 ,$0 ,$0 ,$0 ,$0 ,$0 ,$12 ,$5 ,$0 ,$0 ,$0 
Heard Island and Mcdonald Islands,Exports,Millions of USD,0--All Merchandise,$1 ,$1 ,$0 ,$0 ,$0 ,$0 ,$0 ,$0 ,$0 ,$0 ,$0 
Saint Pierre and Miquelon,Exports,Millions of USD,0--All Merchandise,$0 ,$0 ,$0 ,$0 ,$0 ,$0 ,$0 ,$0 ,$0 ,$0 ,$0 
Wallis and Futuna,Exports,Millions of USD,0--All Merchandise,$0 ,$0 ,$0 ,$0 ,$1 ,$0 ,$0 ,$0 ,$0 ,$2 ,$0 
Western Sahara,Exports,Millions of USD,0--All Merchandise,$0 ,$0 ,$0 ,$0 ,$0 ,$21 ,$7 ,,,,
Transshipments,Exports,Millions of USD,0--All Merchandise,$0 ,,$2 ,,,,,,,,
